Component,Description,Part,References,Value,Footprint,Quantity Per PCB,Datasheet,ust_id,sim.device,sim.pins
1,Antenna,Antenna,AE1,Antenna,GPS_CGGP.35.3.A.02,1,https://cz.mouser.com/datasheet/2/398/CGGP.35.3.A.02-27913.pdf,5fa0f07c12875025b397787a,,
2,"Buzzer, polarized",Buzzer,BZ1,LET9032ES-03L-2.7-16-R,MagneticBuzzer_LET9032ES-03L-2.7-16-R,1,~,5fa0f13812875025b3977890,,
3,Unpolarized capacitor,C,C10C11C12,100pF,C_0805_2012Metric,3,~,5c70984712875079b91f8b3b,,
4,Unpolarized capacitor,C,C9,680pF,C_0805_2012Metric,1,~,5c70984712875079b91f8b43,,
5,Unpolarized capacitor,C,C5,100nF,C_0805_2012Metric,1,~,5c70984712875079b91f8b4c,,
6,Unpolarized capacitor,C,C2C3C4C6C7C8C15,10uF,C_0805_2012Metric,7,~,5c70984812875079b91f8bbd,,
7,Polarized capacitor,CP,C1,"0,1F",CP_Elec_10x10.5,1,FCS0H104ZFTBR24 KEMET,5fa0f22e12875025b39778a3,,
8,Unpolarized capacitor,C,C14,1n8F,C_0805_2012Metric,1,~,5fa0ff6512875025b39779b1,,
9,Unpolarized capacitor,C,C13,1p5F,C_0805_2012Metric,1,~,60d587411287500165f85b5f,,
10,"100V, 0.25A, High-speed Switching Diode, SOD-523",BAS516,D1,BAS516,D_SOD-523,1,https://assets.nexperia.com/documents/data-sheet/BAS16_SER.pdf,693421c6ea235ce78ba25972,D,1=K 2=A
11,Diode,D,D2D8,BAS516,D_SOD-523,2,~,693421c6ea235ce78ba25972,,
12,Light emitting diode,LED,D7,BLUE,LED_1206_mill,1,~,5c70984512875079b91f8898,,
13,Light emitting diode,LED,D6,GREEN,LED_1206_mill,1,~,5c70984412875079b91f8895,,
14,"Schottky diode, filled shape",D_Schottky_Filled,D9D10,NSR05T40XV2T5G,D_SOD-523,2,~,5c70984712875079b91f8b7b,,
15,Light emitting diode,LED,D3D4,RED,LED_1206_mill,2,~,5c70984412875079b91f8896,,
16,Light emitting diode,LED,D5,YELLOW,LED_1206_mill,1,~,5c70984412875079b91f8897,,
17,Dielectric Band Pass Filter for 1575MHz,DBP.1575.W.A.30,FL1,DBP.1575.W.A.30,SAW DBP.1575.W.A.30,1,https://eu.mouser.com/datasheet/2/398/DBP.1575.W.A.30-1371847.pdf,5fa0f56412875025b39778fc,,
18,,SM04B-GHS-TB,J4,SM04B-GHS-TB,JST_GH_SM04B-GHS-TB_1x04-1MP_P1.25mm_Horizontal,1,,5c86273d1287500b4e0280be,,
19,1x07 2.54 mm pitch header,SM06B-GHS-TB,J3,SM06B-GHS-TB,JST_GH_SM06B-GHS-TB_1x06-1MP_P1.25mm_Horizontal,1,,5fa0f70212875025b3977932,,
20,1x08 2.54 mm pitch header,SM08B-GHS-TB,J5,SM08B-GHS-TB,JST_GH_SM08B-GHS-TB_1x08-1MP_P1.25mm_Horizontal,1,,5fa0f75012875025b3977948,,
21,"Zásuvka; kabel-pl.spoj; vidlice; GH; 1,25mm; PIN: 10; SMT; 50V; 1A",SM10B-GHS-TB,J1,SM10B-GHS-TB,JST_GH_SM10B-GHS-TB_1x10-1MP_P1.25mm_Horizontal,1,,5fa0f69e12875025b397791d,,
22,USB 2.0-only Type-C Receptacle connector,USBC_USB4105-GF-A,J2,USBC_USB4105-GF-A,USBC GCT_USB4105-GF-A,1,,5fa0f94612875025b397795e,,
23,Inductor,L,L2,5n6H,L_0805_2012Metric,1,~,5c70984412875079b91f8803,,
24,Inductor,L,L1,NL322522T-101K,L_1210_3225Metric,1,~,5c70984412875079b91f87fb,,
25,"NPN transistor, base/emitter/collector",Q_NPN_BEC,Q1Q2Q3,BC817-25,SOT-23,3,~,5c70984712875079b91f8aea,,
26,Resistor,R,R23,0R,R_0805_2012Metric,1,~,5c70984512875079b91f896b,,
27,Resistor,R,R1,22R,R_0805_2012Metric,1,~,5c70984512875079b91f896f,,
28,Resistor,R,R7R8R9R10R11R12R14R15R16,33R,R_0805_2012Metric,9,~,5c70984512875079b91f8970,,
29,Resistor,R,R20R21R22,100R,R_0805_2012Metric,3,~,5c70984512875079b91f8977,,
30,Resistor,R,R4R19,200R,R_0805_2012Metric,2,~,5c70984512875079b91f897d,,
31,Resistor,R,R27,390R,R_0805_2012Metric,1,~,5fa12b6012875025b3977a16,,
32,Resistor,R,R17R18R24,1k,R_0805_2012Metric,3,~,5c70984512875079b91f898c,,
33,Resistor,R,R2R3,5k1,R_0805_2012Metric,2,~,5fa0fc3e12875025b3977997,,
34,Resistor,R,R5R6R13R25,10k,R_0805_2012Metric,4,~,5c70984612875079b91f899f,,
35,Resistor,R,R26,12k,R_0805_2012Metric,1,~,5c70984612875079b91f89a1,,
36,Resistor,R,R28,20k,R_0805_2012Metric,1,~,5c70984612875079b91f89a3,,
37,"1575MHz/1900MHz Variable-IP3, LNA pro GPS",MAX2656,U4,MAX2655,SOT-363_SC-70-6,1,https://datasheets.maximintegrated.com/en/ds/MAX2654-MAX2656.pdf,5fa0fa3612875025b397796f,,
38,"300mA Low-dropout Voltage Regulator, Vout 3.3V, Vin up to 5.5V, SOT-23",MIC5504-3.3YM5,U1,MIC5504-3.3YM5,SOT-23-5,1,http://ww1.microchip.com/downloads/en/DeviceDoc/MIC550X.pdf,5c7255e81287500b4e112ea2,,
39,"GNSS RTK Module NEO M8, VCC 2.7V to 3.6V",NEO-M8P,U3,NEO-M8P,ublox_NEO,1,https://www.u-blox.com/sites/default/files/NEO-M8P_DataSheet_%28UBX-15016656%29.pdf,5fa0faaf12875025b3977985,,
40,"Very low capacitance ESD protection diode, 2 data-line, SOT-23-6",USBLC6-2SC6,U2,USBLC6-2SC6,SOT-23-6,1,http://www2.st.com/resource/en/datasheet/CD00050750.pdf,5e82e0691287502a334a778c,,
